"","Observed","Chao1","se.chao1","ACE","se.ACE","Shannon","Simpson","InvSimpson","Fisher"
"X01_16S",80,132.5,24.03848746733,153.874435293461,7.34409645657401,1.51204925456362,0.526846922868339,2.11348091839998,13.3228194421223
"X02_16S",251,348.133333333333,26.6068007812005,363.872943307025,10.6506240957674,2.81564248620603,0.868447989770738,7.60155620774818,47.527748259883
"X03_16S",283,360.466666666667,22.2948493375912,354.649561158696,9.06444685274413,2.68309095007863,0.82170340221942,5.60863197866876,54.4651179971397
"X04_16S",156,222.3,24.8956214327031,210.867141884307,7.45781658130731,2.54620316218436,0.845765527478228,6.48363484278027,26.6423645201614
"X05_16S",74,133.5,28.1827230790393,126.969611553267,6.17717059673253,0.637476905779179,0.237322964424724,1.31117098503656,10.6796515957394
"X06_16S",457,613.935483870968,35.4470653229523,604.989897923025,12.8419248696653,3.36290186316626,0.92431472262985,13.2126093045726,68.8792420086296
"X07_16S",200,271.724137931034,23.7590492954676,258.55389805016,8.00958301662247,2.82562279175809,0.902029716566114,10.2071767575812,31.8353715656306
"X08_16S",89,141.105263157895,20.8377890756802,153.872994179882,7.414587401405,3.06333308456869,0.857460478633077,7.01559813313682,32.2200865256295
"X09_16S",156,229.026315789474,22.3138745823638,245.706064500711,8.6803857413222,2.75454039708673,0.829962823613724,5.88106684227856,44.1907505945344
"X10_16S",119,156.275862068966,14.2950408903219,176.378642984175,7.97599546574628,2.01915211602455,0.613826392032594,2.58950891352576,28.2459824111579
"X101_16S",92,158.230769230769,28.3800901347672,157.736062676157,7.30016297278019,2.401898042867,0.76015140945097,4.16929696235001,20.5960377834068
"X102_16S",77,120.9375,19.1223757465361,146.981935300996,8.15602704820578,2.50517977900619,0.825604301278898,5.73408637560049,22.1153037456909
"X103_16S",71,116.090909090909,21.8007037478576,117.907232704403,6.1112384804169,3.1090688937309,0.899572529510159,9.95743490423929,22.9986500689849
"X104_16S",165,214.344827586207,17.724635842611,225.353822357692,7.93347063645802,3.27402971867095,0.93616187489937,15.6646204509244,30.4098540246465
"X106_16S",65,103.75,18.802070407665,116.054576971565,6.88653992723203,1.30562967033637,0.545387631519791,2.19967618422492,11.8585629592198
"X107_16S",32,33.9090909090909,2.15577915720511,36.5352961432507,2.68162307243406,2.71259250307975,0.89718878882249,9.7265656979124,10.339814969657
"X109_16S",84,115,14.7945857703398,124.862099917468,6.04554304651115,2.81030152241223,0.85458178006341,6.87671737720384,19.764046018115
"X11_16S",120,147.789473684211,12.7598275210923,153.229480120918,6.66069562888306,2.866197353259,0.892550819052255,9.30672519957436,22.5740918407398
"X110_16S",33,50.5,12.1365194561889,53.6901798603254,4.23984840519623,2.66134274078067,0.86792924037461,7.57169870784746,12.8372561170921
"X111_16S",21,37.5,12.8798534541353,44.9303225806452,3.22147465761555,1.59809191941039,0.615874794299919,2.60331783793638,6.31970838276936
"X112_16S",33,52.4285714285714,12.6411934700547,68.5967477172463,5.04761079558496,2.36020731280777,0.858884115728999,7.08637447276728,9.74913952023326
"X113_16S",166,205.84375,14.6593901183889,214.800494894395,7.67392685269177,2.8313580841828,0.90911096930517,11.0024278216544,26.5968956079821
"X114_16S",38,60.6666666666667,14.90444326181,62.0313569381864,4.48352699021623,2.38295839503774,0.801056338028169,5.02654867256637,11.793504353929
"X115_16S",50,75.3,14.1126097533541,82.9468367346939,4.93517841604844,3.33662472548763,0.948093324183904,19.2653446647781,21.2647731742269
"X116_16S",156,181.869565217391,11.5079133426936,182.990509869081,6.60505813838575,3.25158892259683,0.936710581960264,15.8004296922457,25.9596684326895
"X118_16S",92,121.176470588235,13.6424206730068,124.283030796806,5.60101254708716,3.83624034529599,0.963528903987525,27.4189730864669,31.9770644570763
"X119_16S",176,218.142857142857,14.2767427800454,235.392555543808,8.25887942306595,3.49599226010114,0.931460419412895,14.5901097064509,45.3622602796582
"X12_16S",54,90.1428571428571,20.8137543999656,80.7695109261186,4.45235436453329,2.79648691356489,0.893312435845079,9.37316366645976,14.3654792492021
"X120_16S",151,347.666666666667,81.4694855682472,345.173008046194,11.0997612926547,2.32438933846878,0.874154365476367,7.94624306028039,14.8132100944425
"X121_16S",60,72.8333333333333,7.26897401083966,93.0471232224668,6.13322924678775,1.77677243511017,0.695826640646084,3.28759889467002,11.9208711959072
"X122_16S",72,99.1875,13.1304986547426,113.762790697674,6.4465215215551,2.89645235598968,0.873104659763314,7.88051001821494,21.0328570817872
"X123_16S",30,35.6,5.33985481433739,36.5061840120664,2.79760501192301,2.58154653467731,0.848201156749338,6.58766548272522,9.74441949998717
"X124_16S",114,153.807692307692,15.4676682031887,162.41195289885,6.87269091464393,3.64680750277414,0.949368887329503,19.7507016388899,37.3062698056254
"X125_16S",57,103.75,21.8725023674535,104.491527710843,4.75283316345309,2.1697038781447,0.734432655970421,3.76552321842937,18.8950552294705
"X126_16S",41,71.6666666666667,16.9371219169384,81.6957613814757,4.71685649834367,0.938755995014094,0.298065941384914,1.42463524561409,9.70781643569306
"X127_16S",165,212.222222222222,17.4680278317998,220.788975936959,7.99287376870506,2.95296931754842,0.913360623489422,11.542095987705,26.8460841499924
"X128_16S",100,155.681818181818,21.0533781074396,184.973458503623,9.27870053570127,2.77374233851347,0.822266978316904,5.62641646740826,32.8212756528045
"X13_16S",29,49,13.4866188827626,51.2446808510638,3.83331504262011,2.36588455664101,0.804135014488214,5.10555777688924,12.6196747016015
"X130_16S",64,85,12.1994165723563,91.2636237831647,5.00214672111174,2.63724052239311,0.875757237496663,8.04875857435272,12.5725709698864
"X131_16S",95,121.714285714286,12.0650975248478,134.295252492531,6.4878610327567,1.30983537510581,0.556874232475594,2.25669566810945,14.7122692559315
"X132_16S",91,117.4,12.1081391628264,129.075044377793,6.4333669261524,1.25474320493487,0.428536878262153,1.74989419607507,15.5119982283675
"X134_16S",55,82,13.5382112284196,106.951057370723,7.17963441343172,2.71881146079268,0.8567578125,6.98118352877011,19.129398971987
"X135_16S",49,99,28.5125668830103,90.6358008713673,5.15203274072783,3.14643997962553,0.929912136896977,14.2678055190539,18.9309169805791
"X136_16S",31,81.6,30.3992960928568,133.832716049383,6.30985168249912,1.92949461211844,0.725670433462641,3.64525053796495,11.6930874146565
"X137_16S",148,216.055555555556,26.2501568308988,214.661047720576,8.03309205968441,3.73351744219851,0.954851310324572,22.1490370415831,34.8387974345565
"X138_16S",139,209,25.2764895763532,206.390708208361,7.93396203073584,3.53784431370289,0.944255380998586,17.9389512012744,36.1004239271924
"X139_16S",104,137.157894736842,14.6150935672003,155.597082302313,7.92367767340092,3.23516959620771,0.942875964865584,17.5057661393658,19.0850229174119
"X14_16S",138,187.136363636364,19.0736709671002,192.2883942226,7.23655324208356,2.40138690846377,0.84141644026196,6.30582389279114,24.8125787529121
"X140_16S",64,83.25,10.8674768864163,89.6307895871882,4.83581042011864,3.28455026492449,0.920254327817921,12.5398654577362,20.1414315751362
"X141_16S",123,157.137931034483,13.3743320423816,171.711864842038,6.90981448839925,2.30886255666057,0.773965748339688,4.42410826082597,22.8246174980929
"X143_16S",107,159.555555555556,21.3153592935042,178.333764006692,8.02933319237281,2.5625295312342,0.814809835643515,5.39985481126866,22.1029322231353
"X144_16S",150,198.885714285714,16.7337005765755,220.005299671673,8.52225389435409,1.8881924631122,0.562392618836279,2.28515341158259,32.5821543444545
"X145_16S",71,92.9375,11.1421998554767,103.812181900939,5.86070639412352,2.94041785829095,0.852029343833623,6.75809667881455,21.8220518110171
"X146_16S",147,178.363636363636,12.1532763932467,192.087539791289,7.37924955902901,3.87177105585443,0.960277787685825,25.1748314542682,42.2401786444846
"X147_16S",104,157.8125,22.4923434693657,163.723042347547,7.40586792176918,3.23222446178687,0.927838822813925,13.8578670553197,25.1285223174532
"X15_16S",74,105,14.7943167981428,110.970255555556,6.03947063557466,1.98958796032512,0.697779800384295,3.30884567368949,17.2468493188381
"X150_16S",96,159.066666666667,26.0842370227511,173.388554505254,7.79214996819396,3.15579100798961,0.920140452128398,12.5219842417314,25.6506131003559
"X151_16S",122,173.272727272727,19.723818507911,188.815278329231,7.67929314586555,3.50716835931791,0.943346329025046,17.6511068531126,32.8355744034308
"X153_16S",30,41,8.46717718197123,43.423081125802,3.26869181794644,1.54997948433729,0.6382568359375,2.76439225214281,6.52813554055972
"X156_16S",89,106.25,9.29662765365477,109.465483234714,5.24865007978398,3.09787793706954,0.92604459069935,13.521661355895,16.6126596866165
"X157_16S",94,117,12.7618287126706,109.656715273948,4.87542007274994,2.80818836951514,0.89144420315989,9.21185260583441,17.6507136905738
"X158_16S",63,85.2352941176471,11.0825978016738,104.373564013841,5.93057395780449,1.94828253420567,0.636478774249633,2.75087100604879,15.3384152168168
"X159_16S",62,79.7692307692308,10.015098352702,94.4169338045659,5.36696622295546,3.20323579977447,0.930139505259698,14.3142415998824,17.1104795145337
"X160_16S",69,88.25,10.8676758605477,93.4967396449704,5.21326187454019,3.07875396089818,0.896183667003425,9.63239570437336,17.9690227569003
"X162_16S",43,55.3636363636364,7.94869012364305,64.8261846082871,4.65385935786907,3.33791445151964,0.951398585649295,20.5755329008341,20.2537956623731
"X163_16S",60,91,14.7938409122759,126.985976454294,7.43330467028686,2.29565148951963,0.770247621107266,4.35251206024238,17.2219118481513
"X164_16S",41,77.1111111111111,19.3193821014561,94.5946930116209,5.03812267244162,3.01654142049968,0.9103297047537,11.1519650655022,23.1326970209253
"X166_16S",32,39.8,5.79108975953707,50.5268044717887,4.27594484720915,2.64433446052533,0.881090510771228,8.40975776185602,12.152055475752
"X167_16S",40,48.75,6.03837314443895,57.7361797752809,4.58351169335541,2.54910178716047,0.823022959183674,5.65045045045045,14.1775900111796
"X168_16S",43,64.1111111111111,12.6028288282817,75.6419239218407,5.8131094146814,2.66346426249991,0.866282056928113,7.47842792842244,14.6534049466803
"X169_16S",52,76.4285714285714,15.1625336200958,70.7053389830508,4.23892956894342,2.1562954814882,0.69516288,3.28044038731241,13.4785224885399
"X17_16S",172,227.25,20.409049927872,232.791335111455,8.11476421892711,3.28844801658398,0.937646841799308,16.0376800286742,29.1456294967209
"X170_16S",80,103.625,11.789403376752,123.680086329826,6.97584631283528,2.79540726463094,0.908109273500234,10.882490955195,13.4167986817875
"X171_16S",76,103,13.8153129265569,107.558295193697,5.42825831059813,2.3097594841166,0.79233741426854,4.81550394105732,15.371831540417
"X172_16S",47,60.1538461538462,7.99167563206282,67.257080078125,4.65257821092257,1.0241283982746,0.404173178750864,1.67834002152425,8.65474744111831
"X173_16S",44,84.625,22.0174836042026,92.8921696530792,6.08480042011685,3.21306457169,0.930048836541224,14.2956878850103,25.4390369619056
"X174_16S",49,112,34.6550711777271,108.828141783029,6.60553513452046,2.53237892487882,0.813522429684046,5.36257523253693,16.7092778288741
"X175_16S",50,77.2727272727273,14.5805812420961,90.0413223140496,5.73316380933435,2.34785454285548,0.792314343743088,4.81496901626646,14.4424528122938
"X176_16S",191,229.277777777778,13.8039776054727,241.583413993363,7.85782951377819,3.86360633170783,0.959315716083393,24.5795158162242,45.5566380633624
"X177_16S",112,128.111111111111,7.82119366326262,138.938582677165,6.00564050867615,2.84845109057218,0.861728555914867,7.23215127039758,21.8642786858977
"X179_16S",89,124.2,16.3437095131821,133.007942744147,6.30883738248108,3.09833585966691,0.923434497730862,13.0607123360188,20.5598938840573
"X18_16S",140,213.75,25.6831345747523,230.132243854999,8.72013560894113,3.0813131099796,0.912169586335202,11.3855777090664,32.9956659813979
"X180_16S",281,380.130434782609,26.8674456767975,371.160946714242,9.40964239105652,2.30969029070684,0.662295386943754,2.96116772273243,55.6863328343499
"X181_16S",78,99.75,10.4620920501489,113.433252871041,6.38466454000039,2.43328535250397,0.809246149812478,5.24235814384319,19.6181645189841
"X182_16S",217,323.309523809524,29.1528235997078,357.68053640118,11.3363819029302,2.69807781150144,0.807401276651901,5.1921424120378,49.4768464237304
"X183_16S",163,254.285714285714,29.1149089051587,262.158343195266,9.57255959299512,2.80398398631806,0.896023147663728,9.6175252234593,27.3899688890953
"X184_16S",53,92.4285714285714,22.3538600423966,85.6507972410365,5.00625150400876,3.36647231425919,0.942032641813348,17.2510880482089,21.7492436111249
"X187_16S",62,104,21.8465032809152,95.8190617902733,5.19667413813838,3.09518958172114,0.88940310905423,9.04184549356223,22.9903854689564
"X188_16S",142,178.033333333333,13.8118095449111,187.908323340189,6.91484976495889,1.85764878835015,0.684162939933633,3.16618955289753,23.4738371409709
"X189_16S",55,117,31.2689942275091,110.844102564103,6.92283111270538,3.494058190165,0.948603843708739,19.4567078972407,32.7208976543347
"X190_16S",197,252,17.7966224262884,264.348275893279,8.87579338965132,2.5204684954665,0.828779366281297,5.84041758450033,33.3161770207339
"X191_16S",79,98.7142857142857,10.6330973552594,114.005327976242,6.1438688868492,2.91542678901616,0.905613031314962,10.5946828670484,15.2463790423035
"X192_16S",167,181.171428571429,6.75731951308613,189.556124095102,6.58790104683611,2.42552838357208,0.809089886454794,5.2380671795222,26.1984620855063
"X193_16S",103,129.105263157895,12.1656382174548,132.731145268681,5.68638912905977,1.88359142378275,0.757997851542346,4.13219471964723,15.6932486504281
"X194_16S",159,208.5,17.6050044510443,212.979437520123,7.43180741038369,2.62009680618952,0.754587276098895,4.07476834983899,37.1476633206546
"X195_16S",290,359.1875,20.0803883047976,359.206689048873,9.35128978580616,2.09867758308912,0.749711913840559,3.99539592692785,44.6356260125459
"X196_16S",240,319.285714285714,24.3626121338469,315.306943983158,9.05238142367471,2.21646765724578,0.83141660414374,5.9317822785622,32.1318263405108
"X197_16S",376,476.736842105263,28.7630829952431,449.650228030322,10.5505127241855,2.586008187305,0.816337662579692,5.4447744379487,53.6864083036019
"X198_16S",237,325.028571428571,26.4663006664068,324.010064412238,9.34479336970147,2.26760294701073,0.781021669114702,4.5666618973537,38.211217562918
"X199_16S",68,166.272727272727,41.6600624177593,216.092642210716,11.1586699043127,3.82287667154831,0.964279470893305,27.9951060358891,56.9531764786225
"X200_16S",222,295.028571428571,22.8362326593123,294.981776010636,8.69911031032334,2.01001352130432,0.757993770997959,4.13212504539115,30.7946800510579
"X201_16S",56,90.3636363636364,17.5140345796688,110.743264746228,6.70949378808653,2.50530592142184,0.840466487248494,6.26827544102053,13.9127164582174
"X202_16S",114,157.333333333333,18.2867023021165,173.973787019216,7.33115778649305,3.10988646878747,0.92452568411669,13.2495404336766,20.2450223953405
"X203_16S",153,200,17.9773099176434,198.355276841438,6.99318074819228,2.86660197546897,0.879539860931517,8.30150129107427,27.4955170404995
"X204_16S",115,167.555555555556,21.3154797167575,164.870378425402,6.72050904348398,1.84905023746016,0.714887614249001,3.50738884024963,20.7245036850355
"X205_16S",98,173.2,30.1355267175047,185.751054056765,8.61373698073309,1.05600458923373,0.479467716950032,1.9211104336136,14.1357138299989
"X206_16S",195,290.576923076923,30.9086343969203,284.203367354084,9.27581270791121,1.54726600932814,0.543830436159468,2.19216729757442,28.5129200286904
"X207_16S",298,362.881355932203,18.1262891599391,380.333288109683,9.92986648524656,3.07970601334302,0.815809903280371,5.42917354303898,64.2528136217275
"X208_16S",72,126.076923076923,24.0347266442176,119.135208834665,5.86107298414762,4.03573582328082,0.978132987139438,45.7309833024119,51.4761459649663
"X209_16S",248,300.976744186047,16.8605188956908,309.421308290155,8.75578593724335,2.495640184712,0.791495937062132,4.79606961087368,44.1166419682239
"X21_16S",296,363.682926829268,20.5986038924997,360.437613778359,9.37867623566252,3.39032452787901,0.927649553526282,13.8216147755669,49.250174556931
"X210_16S",119,182.75,24.1213779815073,180.198207825308,7.73434126594399,2.08462904945219,0.761800487100758,4.19816139768094,22.4362611287483
"X211_16S",249,320.942307692308,20.2554571421113,346.078459459239,9.70871185582863,2.08241181673259,0.73203820794014,3.73187532563078,40.580033509157
"X212_16S",470,590.6,27.3147301964596,583.043198968383,11.5834340665025,3.23062539495261,0.879323487517644,8.28661666988602,92.6499900410413
"X213_16S",210,263.052631578947,17.4317828207467,276.991780136212,8.49875788513561,3.3700532900103,0.938951105542068,16.3803130077824,38.9885587469858
"X214_16S",131,204.75,25.6830597597295,214.081145885916,8.70852816653889,2.28302708245837,0.770360622721855,4.35465385707249,28.5305030440343
"X215_16S",62,129.363636363636,30.325918165997,159.381375545466,7.57152714459307,3.45768256168577,0.942592592592593,17.4193548387097,33.4553612149982
"X216_16S",305,401.491803278689,24.3198506044445,428.97622077344,11.441384517787,2.25021489261428,0.801434279545522,5.03611599077222,51.7944279907296
"X218_16S",34,110.5,53.8623103185398,67.534819466248,3.97339855075242,1.63987901318242,0.714397707612457,3.50137245622338,6.66490868203035
"X219_16S",262,300.441860465116,13.2556707389687,312.050143202544,8.86530002667456,2.2428844458286,0.726734697652837,3.65944739932468,35.1779735613565
"X220_16S",228,294.5,19.9364507375293,299.799464284825,8.94643623051592,2.47827133423233,0.831257268151979,5.92618116969123,43.7903022905577
"X221_16S",108,123.5,7.3330184612459,132.467979888216,5.41467683818532,0.780986345909207,0.202720285166965,1.25426494791658,20.7917627748274
"X222_16S",136,187.272727272727,19.7239465435366,197.25780105302,7.77851237951484,2.87411844409409,0.829788626674862,5.87504806796782,27.3971549062639
"X223_16S",78,105.6,15.1178669130271,104.269933134798,5.32760254619367,3.1080874525144,0.916421481356546,11.9647968907657,17.8752578210802
"X224_16S",99,153.666666666667,23.2237143306939,153.323513450292,7.52288220975473,3.53871136886787,0.947983063079431,19.2245076161832,30.1983963320493
"X225_16S",217,286.081081081081,21.5270643509837,292.642481857647,8.65659311614969,2.77408869969998,0.848772101519839,6.61253650979741,44.8932668466527
"X226_16S",117,155.076923076923,14.949317181502,157.496933949101,6.27428892433106,2.09835985139564,0.656122865205752,2.90801538927074,27.8377463678231
"X227_16S",109,155.75,21.8745784087632,148.692481805203,6.35729629983935,3.0091327812281,0.886409522191754,8.80355483395465,20.6122555875269
"X228_16S",169,223.486486486486,17.9174821150374,231.926568120983,7.7927589070705,4.00262942733737,0.937854352740809,16.0912315520554,62.4325204474504
"X229_16S",94,169.25,32.3541203981226,184.935569068535,8.65252210190903,1.85378055588166,0.752102848882843,4.03393098909554,13.3624235313948
"X23_16S",70,115.111111111111,23.1629969717426,111.0859375,5.93383991805708,1.98677957760285,0.692110939570739,3.24792312726472,14.3147512299557
"X230_16S",170,229.032258064516,20.0029778017064,238.451206198156,8.3868492010949,2.2197380251263,0.733754766335524,3.75593578234797,29.0869265606131
"X231_16S",96,170.1,33.8501898426132,142.797205553068,5.98000021211382,1.81198594311307,0.760812053662651,4.18081268438839,14.5119389359629
"X232_16S",150,224.666666666667,25.0486014811331,245.50388717201,9.35280169510319,2.71542832592767,0.862068538026708,7.24997753009849,31.1323880119794
"X233_16S",264,434.689655172414,48.1431895129754,368.94895397952,9.7212260069267,2.73075899711486,0.838645463607524,6.19753260340706,49.1725816584634
"X234_16S",60,63.4375,2.97695374323288,68.4231837319717,4.04619334421136,3.12186271807114,0.922980343829765,12.9836985741629,15.1685687624315
"X235_16S",118,141.903225806452,10.0935479021586,158.718994775546,6.75181862577106,1.64773512397895,0.622432592665723,2.64853369378533,20.1348945645624
"X236_16S",42,63,12.1977456933648,86.2425986842105,6.70222807226915,3.14510957768215,0.936477423213294,15.7424344317418,19.1082318464732
"X237_16S",69,125.1,26.8418843026652,147.807006010518,7.85905707114834,2.92559647829322,0.895378651445316,9.55827862873815,18.7557864293464
"X238_16S",79,108,14.0457307193442,117.610807189907,5.71886357832678,2.85949420397495,0.89278966979378,9.32745937892826,18.6702803969724
"X239_16S",76,141,28.6494326666302,135.07627524165,6.38922516871581,2.22589123168152,0.817063587735748,5.46638029915824,17.0528384210987
"X24_16S",248,298.323529411765,17.2413283086383,309.940692067014,9.18277551381883,3.38756628472428,0.941292579958492,17.0336219730482,37.6035876460053
"X240_16S",95,200.6,57.2808417910485,129.128773735581,5.74967326095751,1.24212627300733,0.558951734265443,2.26732554618375,12.3650649449209
"X241_16S",56,74.4,9.91551388137099,80.8424180518154,4.99315162419129,2.78554872425091,0.88530964275615,8.71912882679269,17.4967084421629
"X242_16S",94,131,16.1523167165708,154.943158854813,7.91811812383233,3.18298117872957,0.928727518003115,14.0306605295955,21.501860854099
"X244_16S",204,254.323529411765,17.241235607921,267.978641768679,8.59794714680287,3.01599744559505,0.866647618119451,7.49892867227338,34.6670886682952
"X246_16S",72,105,15.2602314916443,116.782633386058,6.066904720147,0.353308307488214,0.0955119816790501,1.1055978407059,11.3526574470095
"X247_16S",80,90.4615384615385,6.75242710588906,94.8439374147766,4.88870496929157,2.8401761624388,0.892550973573868,9.30673858350377,15.7974224110156
"X248_16S",37,50.125,9.00618084549267,56.846875,4.23031468396381,1.60387653980466,0.696132246393065,3.29090529722197,7.10196708602478
"X249_16S",97,164.571428571429,28.1949230443373,155.413897142857,6.62453161614324,2.49478278212543,0.848330821263539,6.5932973879788,19.637154965972
"X25_16S",67,129.142857142857,32.6630376047902,113.935846364231,5.86499503695759,2.97979565162401,0.913100664796861,11.5075678963753,17.3907546188124
"X250_16S",97,125.05,12.6796606788008,143.770989231155,6.80698521796694,2.52585471000952,0.82502373502944,5.71506084078461,19.2631827459879
"X251_16S",271,338.5,19.7040774793733,342.575540698303,9.22671420787486,2.62148394908958,0.791968131762903,4.80695582111625,52.8634234778065
"X253_16S",151,197.40625,16.465394039679,216.299209726444,8.16852767774526,1.93139367311863,0.77804282855862,4.50537368766255,22.9182020939296
"X254_16S",127,164,15.9133193962526,172.292837367397,6.99249387060651,2.84810409288335,0.878978739887741,8.26301097073688,21.6872532360145
"X255_16S",287,345.524590163934,16.6388950244566,360.062250896967,9.32377151310843,2.62505567260728,0.824904084767974,5.71115550396971,53.8082977028775
"X256_16S",303,358.378787878788,15.6671879750815,373.298198398561,9.47863511307271,3.58805414481384,0.945533912908502,18.3600484888899,64.5830009585919
"X257_16S",197,272.622222222222,21.8821437370999,299.891731373125,10.2250151939103,2.54472978648918,0.822622971836376,5.63770861623374,40.5660403769202
"X258_16S",152,209.416666666667,21.0382883542724,227.440502029934,8.78135245191738,2.79606069920603,0.81975386696701,5.54796923059078,27.7971120947903
"X26_16S",265,338.636363636364,21.5679457408238,357.662323046875,10.0941152795221,3.28412845687904,0.928060415397325,13.9005528809075,42.0560671662777
"X260_16S",112,166,29.0281863649634,173.941650020376,7.05079546939858,2.31418434497759,0.873140419239111,7.88273139483918,11.2030020352469
"X261_16S",84,138.076923076923,24.035179776568,149.016208985758,7.13475578870652,2.06373846972358,0.798242932283392,4.95645585712328,15.3595051419512
"X262_16S",116,200,33.7603641493986,196.204803903979,8.23199068933141,3.00081705444928,0.912893039786291,11.4801388723311,22.3705090439313
"X263_16S",146,213.777777777778,23.1912066485068,248.116982481899,9.52066112297612,2.4476929306565,0.782539938567396,4.59854556010012,28.1290330636967
"X264_16S",108,168.545454545455,27.7592512241359,154.954344993141,6.60010985038056,2.84026649437077,0.893384227849923,9.37947528619274,18.8336700946164
"X265_16S",105,135.37037037037,12.4695776791074,147.413328306155,6.01907099385708,3.14886659845612,0.884647590231089,8.66908634161461,33.6433237755238
"X266_16S",59,105.2,28.1646294911299,91.3939871592788,5.12407370537225,2.70185832059983,0.882636645178273,8.52054716328607,12.0636656726986
"X267_16S",199,270,22.1612113221651,283.926795548666,9.37553395959481,2.99380922804294,0.889637723265571,9.06106714712267,41.9606054606578
"X268_16S",151,185.137931034483,13.3744692872244,193.7619871478,7.07947592583059,1.47932235333396,0.485585895452491,1.9439591394556,22.8589903996943
"X269_16S",45,53.75,6.03866287932644,58.22305445285,4.19127017586336,1.20847216959519,0.52209601342347,2.09247051309095,7.55295884993883
"X27_16S",106,162,21.4357791294402,173.478411136831,7.32175609015923,2.41532664182539,0.809330055381946,5.24466507819668,24.8958296547267
"X270_16S",95,122.789473684211,12.7595341891232,139.171806211478,6.47824769618503,3.08955254991086,0.917159833568478,12.0714388089337,19.3053549393681
"X272_16S",70,93.75,14.2857487443781,91.5381340823589,4.86424760952777,3.01166545225934,0.928167911519678,13.9213549425609,13.5509658282461
"X273_16S",73,118,20.2636152775417,121.385736712267,6.1259264986585,1.97370919798453,0.691530793876824,3.24181467760736,17.786569281153
"X274_16S",135,192.115384615385,20.4784004031617,212.210536848425,8.36706442967798,2.93443223599898,0.894438915551682,9.47318801456223,29.1681664347391
"X275_16S",76,101.090909090909,13.6581426975007,101.648515955387,5.17271845953873,3.27304989723041,0.928054664249413,13.8994417020543,20.6070139781055
"X276_16S",101,142,16.7689669631174,155.372871524311,7.5813728287112,1.81353251430111,0.621005119523613,2.63855806902464,20.9159153281854
"X277_16S",101,152.25,21.6267046186546,160.228221339583,7.53535215611536,2.72006866790654,0.889723765084532,9.06813694506838,20.2164332509214
"X278_16S",73,113.625,22.0205607780416,103.65518298092,5.14699972102294,3.04227722721102,0.928032020808574,13.8950684906702,15.3891783846193
"X279_16S",174,200.896551724138,11.1883102369949,201.660659844767,6.64806075581909,3.51107505866341,0.890046937489552,9.09478987822621,43.0085443401121
"X280_16S",251,306.914893617021,17.1670920220734,314.472629547119,8.7229056421363,2.46820873141748,0.805539103005943,5.14242202652475,39.9900496566115
"X281_16S",145,211.3,24.8955212610035,199.905713315814,7.28377877138423,2.98949888367461,0.910972522767042,11.2324872172139,24.9502298329178
"X282_16S",84,103.461538461538,10.7330442335234,101.734033203125,4.94593484004462,2.86748880054722,0.91218589216303,11.3876918485186,15.046593733038
"X283_16S",207,262.617647058824,18.6212611335221,263.553292872251,8.00281679901752,2.56319083985783,0.814483805395949,5.39036498745734,41.6221285124374
"X284_16S",87,116,14.3135331816731,115.160516001622,5.39676806383914,1.58476173521108,0.685331644159759,3.17794904203112,13.7191260259679
"X285_16S",129,169.833333333333,15.1873651040102,181.770497086883,7.42885384307935,1.65796471427669,0.446629834254144,1.80710862619808,31.7748958435924
"X286_16S",36,54.2,13.144950961999,55.6652018855727,4.01548963775258,2.86392169549613,0.913203250349361,11.5211687537269,11.020017089612
"X287_16S",149,186,16.1529809881293,184.073690912588,6.82664993700948,2.92877778140061,0.889330238226233,9.03589186397832,23.552894797667
"X288_16S",109,136.555555555556,12.8589636434636,143.19943019943,6.21898199164269,2.4290986429507,0.831085819248619,5.9201660603728,18.9753409725078
"X289_16S",132,180.157894736842,16.192032172585,211.670132358588,9.6280347831487,3.64892928990322,0.923063284406226,12.997695473251,54.3619162068246
"X290_16S",970,1161.67272727273,31.5983013614529,1176.76608858854,16.6865559723471,4.06033184756404,0.952334030844842,20.9793279718051,156.684605281885
"X291_16S",73,136.076923076923,27.2619656902979,154.208569765398,7.73344296983066,3.2288637532079,0.910909164671995,11.2244990892532,29.8800623611866
"X292_16S",1678,1937.51807228916,35.7676640711938,1945.27130735704,21.4329337891037,4.86654321228315,0.980584520303616,51.5052945195181,260.718468398489
"X293_16S",119,185.95652173913,24.0704455747453,198.421357074594,8.11903800275565,2.29141539914393,0.711186277823034,3.46243936216876,29.5330505835063
"X294_16S",53,89.1111111111111,19.320727864424,98.9780483896811,6.05821351832803,2.50191019569103,0.849623543807514,6.6499771661062,14.3157742754954
"X295_16S",86,166.571428571429,32.6092486967471,197.34693877551,9.23243374521199,2.82851970235904,0.85679670781893,6.98307968182445,26.1482720469141
"X296_16S",1434,1666.98765432099,33.1916424981405,1711.21574498078,20.5405874417809,4.59963671234619,0.977226221238729,43.9101481788607,219.783916105495
"X297_16S",96,141.555555555556,19.0239998452209,142.005482288879,6.62357244963552,1.78853322032953,0.554458033925231,2.24445748356774,21.1876477850035
"X298_16S",1980,2288.60990712074,38.1671180093261,2305.99233324068,23.0795759383324,4.4103175724476,0.969650463208132,32.9494320410164,280.248423544896
"X299_16S",40,53.9090909090909,8.68188610223335,60.6981132075472,3.90019651417184,1.7752834446162,0.686718032598714,3.19201264054593,8.22585057601403
"X30_16S",70,105.052631578947,15.2573778666155,134.798632443289,8.48735942155653,2.45403108118965,0.712382463796866,3.47683946257621,26.1129347457601
"X300_16S",1145,1405.20338983051,39.1709777167874,1401.6053591127,18.6771725074221,3.89371211837916,0.953351484239799,21.4369092714665,161.456204233825
"X301_16S",92,269.333333333333,74.348348784898,252.941490857947,9.46049332596323,2.23001474638347,0.866599449080083,7.49622091591153,15.0180559218572
"X302_16S",1106,1432.22222222222,44.6961804596889,1508.77153226176,20.8328029704746,3.84005340928196,0.950388337071633,20.1565507175978,163.582488872603
"X303_16S",91,189.272727272727,41.6611373422458,157.515444925573,7.17569024027072,2.17096661058801,0.748470181839353,3.97567178043805,23.2946183806783
"X304_16S",74,196.5,51.9334219140703,269.838565570582,11.953344005088,2.81685577587622,0.87021638602798,7.70513294702667,25.666491073088
"X305_16S",136,279,46.1784907372492,285.732235817575,10.4296750998351,2.16226290299181,0.791632669470804,4.79921683240973,28.1854261446177
"X306_16S",211,343.096774193548,38.1089482796904,317.628481327947,9.54149421058364,2.34641953039382,0.786421745867769,4.68212461078025,40.9481748927198
"X307_16S",187,293.333333333333,30.5204113090389,306.983285174348,10.3909832733901,2.21598219619773,0.615340362228147,2.59970088307813,47.7014017534123
"X308_16S",890,1118.1679389313,38.4186577286587,1112.06715756435,16.9342995878884,4.20767638375872,0.970846625189508,34.3013461220315,127.713096555944
"X309_16S",154,226.730769230769,24.8028368037679,239.155273362542,8.66732242866014,2.94824359824786,0.917485589649382,12.1190952677336,28.4098378135495
"X31_16S",73,135.333333333333,30.2749845415807,130.287240599959,6.63269341146666,2.81621799191686,0.882499810610843,8.5106245802552,19.5722040785059
"X310_16S",91,169,29.8635304313973,209.402042452249,10.1190042864013,2.04525601458951,0.715166850116782,3.51082730507316,21.1404599291011
"X312_16S",1276,1491.39743589744,31.5952966968366,1528.90633083692,19.251967513966,3.99275468768043,0.953031780429923,21.2909922742118,194.870639954322
"X314_16S",73,127.090909090909,25.2952298390307,116.825118906064,5.53400084764832,1.83243474868585,0.65103964129961,2.86565500942352,16.9612516201394
"X315_16S",526,805.810810810811,53.5374479789511,836.726156976289,16.6191223859204,3.72272568311901,0.939397135454135,16.5008701732768,90.2759315074113
"X316_16S",179,246.535714285714,22.8838315205573,240.143157444393,7.87902929934143,1.3608819806977,0.441551443519226,1.79067523480012,26.8705225193326
"X317_16S",1122,1477.546875,48.7940140817194,1565.23233029325,21.4610074656557,4.5163199645593,0.977945537009341,45.342296496792,175.108127682898
"X318_16S",97,146,18.5718503520632,171.943149132948,8.56750668112186,1.73411633173793,0.604988297783616,2.53157056965418,22.123869027217
"X319_16S",237,314.019230769231,21.3423865699186,334.143202106308,10.0166917893926,2.32804867046408,0.796568800364174,4.91566682883529,44.8762040608524
"X32_16S",148,203.1,19.1300219470817,221.183489796102,9.18829086841732,2.47094784553848,0.834736139662097,6.05092969482481,29.6821476990095
"X320_16S",115,214.526315789474,35.2532530566223,236.343695134798,9.98046407918194,1.7573083495897,0.695123792216412,3.28001980630065,22.7521317267782
"X322_16S",1164,1395.8,34.7289818459405,1424.80698785112,18.8958088341835,4.25973976927032,0.969506245320864,32.7936002149382,166.162418181967
"X323_16S",39,75.1428571428571,20.8112899668116,91.2339972899729,5.90657997092763,3.0172975783498,0.917504,12.121799844841,19.4509126356837
"X324_16S",74,118.4,19.6467553866337,136.90869875317,7.17156679337083,1.85284255556742,0.702026810398267,3.35600663045084,14.6703040484396
"X325_16S",183,356.25,49.3145834203528,326.838894497444,10.5748252981124,2.20739754027144,0.576981182233908,2.3639610296319,53.3134042974254
"X328_16S",1313,1618.86111111111,42.0455298988354,1670.46544374624,20.9942228598441,4.49738041706222,0.977813357937341,45.0721653676029,195.063147272282
"X329_16S",126,210,28.5248406549718,241.25771209601,9.28528460406193,2.36907150333564,0.804317161706932,5.1103101770342,27.0237293032656
"X33_16S",53,88.7692307692308,17.23598711677,106.058821608204,5.94864788666518,2.83138067581032,0.843481425492008,6.38901806474691,24.4674896159135
"X330_16S",358,469.428571428571,28.9342320932941,470.561126846264,11.1728588059722,3.72347554851012,0.922009647230302,12.8220986889616,64.9094244549666
"X331_16S",159,222,20.8597986110275,231.764145007611,8.06020610231631,2.01132714114044,0.645551071832794,2.82128092521207,29.0062768724283
"X332_16S",893,1204.06622516556,47.0371398048053,1268.05092197094,19.9832778171685,4.33926111481834,0.970316377683432,33.6886108216605,143.264530179765
"X333_16S",206,331.078947368421,34.2205497896822,346.658128562247,11.1318513029814,1.96608189793904,0.601882389322972,2.51182056051082,42.2059478462918
"X334_16S",218,320.529411764706,30.1529130557713,326.950591336563,10.2433136548896,2.94796003943095,0.912232192743388,11.3936992532608,35.8448652685208
"X336_16S",1696,1945.7238372093,32.1405201470521,2034.37815664203,22.1005778917347,4.35901857120302,0.973297071675141,37.4490762898491,252.489393367704
"X337_16S",1517,1858.77647058824,43.8012880146487,1876.17838621361,21.4443893208131,4.11776188767585,0.963977993622003,27.760807921316,235.94965194242
"X338_16S",132,183.041666666667,19.1757994393615,194.174698795181,7.61552531023121,2.49505154154574,0.817654231605928,5.48408668217009,25.0722720461198
"X339_16S",127,212.55,30.6238355994705,216.338291666667,8.25150969299234,3.36721572842146,0.942308487072671,17.3335721193452,31.7363022642696
"X34_16S",58,73.5454545454545,9.44397682637376,78.898532636195,5.45778419848921,2.85449216925375,0.917195393953395,12.0766228805819,12.7106343959463
"X340_16S",99,131.5,13.5274149315044,156.855257168867,8.20810576541547,1.88485538810178,0.616444990660086,2.60718795387647,19.1440867508945
"X341_16S",1987,2236.24489795918,32.1171193263494,2265.69588850577,22.1536988195661,4.00177707747758,0.937193977014861,15.9220398374311,302.876034468005
"X342_16S",193,250.30303030303,19.211923837061,261.504459602397,8.53928497474676,2.72328322793801,0.858561291815814,7.07020032096001,29.6347755237296
"X343_16S",224,282.090909090909,17.9764024910901,299.315191015699,9.01092980358101,1.90576744696122,0.636449883430563,2.75065239817907,32.9672036985691
"X344_16S",1286,1503.87142857143,32.7344973051003,1547.87462531281,19.671915353504,4.59990472156385,0.981601832126056,54.3532381512974,174.877487569679
"X345_16S",38,55,10.6511513844134,62.8570732895057,4.14172627617537,1.99216932296964,0.808996751590647,5.23551305188708,7.8932002195958
"X346_16S",767,950.941605839416,32.1448598220648,993.377586117187,16.7212929904597,4.34142195565389,0.977358752941901,44.1671784877372,113.712679908819
"X347_16S",665,878.21,39.3183461508314,906.307307107404,16.2927020138084,4.48694128042319,0.97483395967418,39.7360882782185,113.809453548449
"X348_16S",174,319.7,41.7454130491234,348.83198348739,11.201926324477,3.26293663225272,0.927768403740705,13.8443569267143,45.2144495482733
"X35_16S",83,103.647058823529,10.4793942949635,109.108546852299,5.11741032399585,2.62176819874303,0.804125648799225,5.10531365576794,19.9686662067142
"X350_16S",955,1153.08219178082,33.4503555079018,1149.63919423592,16.5858437983281,4.54721292692432,0.966607174152314,29.9465521295283,168.198443039335
"X351_16S",106,182.25,26.3805010195377,200.719965508644,7.92828879698475,4.19516545115971,0.972755979575383,36.7053020961776,71.3048091167083
"X352_16S",109,227.588235294118,42.3058182756906,224.336504526623,10.1656354277614,4.2320044794891,0.975626481417987,41.0281345565749,70.8865956193426
"X353_16S",541,695.979166666667,31.0021367521793,756.030697486038,15.1499005953481,4.22447480174682,0.964294817999432,28.0071391313476,96.1748755998016
"X354_16S",113,251.75,45.755465383862,325.825789533691,11.6134833323723,2.86631922544703,0.785787405013538,4.66825958605842,43.7626182022508
"X355_16S",471,642.891891891892,36.1812541722506,675.879957755835,14.0148606053354,4.34506269435044,0.967772596619279,31.0294933844476,93.6555882795986
"X356_16S",65,272,104.232051635931,209.448114242176,7.87950428937791,2.27813061865492,0.768764157100626,4.32458907521169,21.3497445705084
"X357_16S",1187,1406.08450704225,32.7544064771559,1428.80593530102,18.2442302019145,4.24678605407806,0.965200700476126,28.7362106042953,196.687181500763
"X358_16S",88,199.428571428571,53.8859991595686,152.191520870252,7.39996268695894,3.15123188862602,0.931458637250242,14.5897303450321,21.6743789978133
"X36_16S",66,103,15.9123337063908,119.577486850248,5.98753566893634,2.04680315020315,0.712306077987587,3.47591632456126,21.0911063226406
"X360_16S",76,115.176470588235,17.1642887043079,140.363176790529,7.00658175051642,1.92591406248763,0.729834982558696,3.70144147258909,15.6399180068435
"X362_16S",1301,1519.62694300518,33.5302731684498,1517.16169420096,18.8146135946038,4.28580535625253,0.958441060746517,24.0622118360782,196.077791602696
"X363_16S",151,259.47619047619,36.6674843918867,246.958502451737,8.84342650726438,1.72280380894726,0.634828779121446,2.73844142918528,25.691713827431
"X365_16S",1193,1461.77717391304,39.7432607171873,1475.20071362113,19.4797186140684,4.67123079941177,0.977966502140179,45.3854402220687,189.957471444972
"X366_16S",63,88.375,12.4517220327588,100.582252094599,5.27939395740084,1.5112098217732,0.481575624271897,1.92892164569914,15.4676967580755
"X367_16S",189,339.193548387097,42.3583016809779,352.843714017622,11.9230747483363,2.15602999031442,0.814536289070659,5.39189038647558,30.6471624021211
"X368_16S",73,179.25,43.256791400892,186.236636513158,7.5304410552565,4.10334622591052,0.979206049149338,48.0909090909091,85.9626063225125
"X37_16S",51,65.25,8.65214844224024,71.247758492138,4.31113138672552,2.06312014227051,0.783546377415947,4.61992729926098,11.3015186271821
"X38_16S",66,106.6,20.5966039933781,106.55586560875,6.00875210414797,1.71631041957221,0.660949076489617,2.94940945639211,12.9979294863792
"X39_16S",107,139.217391304348,13.5876809780921,157.907971872579,7.53297706032931,2.79129548295382,0.899896770511296,9.98968769646782,20.6896556579179
"X40_16S",343,419.327868852459,20.3227366892285,426.005333614071,10.1830777617663,2.97267915788425,0.888049987316238,8.9325581661595,56.4756556496212
"X41_16S",190,257.083333333333,21.2008880707954,267.6056252065,9.21537718406755,2.75270674141965,0.864688148493719,7.39033564959816,37.8434799592154
"X43_16S",234,294.153846153846,19.0630503361176,302.082330556532,9.1903588270845,3.34782653567296,0.927779542218709,13.846492125934,43.8304499941926
"X44_16S",156,211,19.4718645373221,231.014134259323,8.47835205956255,3.39794248111544,0.931957966573852,14.6967976946983,33.4016614981472
"X45_16S",122,181.032258064516,20.0027364211557,213.00529055817,8.99157641737069,2.30138462655881,0.73491157784478,3.77232619919726,29.5358271182311
"X46_16S",109,143.730769230769,13.9356302056778,154.129406944466,6.48935923295484,2.67042224394603,0.86099120784506,7.19378957616864,26.016795164044
"X47_16S",104,185.25,48.7103914385922,171.757329550071,6.54048389955719,2.31420180245119,0.869623651082134,7.67010280852378,10.6696678454793
"X48_16S",129,186,19.8277882016439,207.706598624547,8.39783646872836,2.89148876366312,0.855653929087395,6.92779508079203,33.7640140647062
"X49_16S",383,574.904761904762,41.4433575134701,603.429263720157,13.8347814493544,3.0445600656788,0.900133582900616,10.0133761583219,68.5767481124696
"X50_16S",98,188.083333333333,37.619645570429,159.482041587902,6.218152567181,2.22174806165204,0.787456878365969,4.7049276039234,20.4567145142098
"X51_16S",147,219,24.0755245527482,230.729334084275,8.62194469812358,2.94079308595366,0.879727747444232,8.31446970311226,36.7241710760669
"X52_16S",112,169.24,20.74333016839,188.39802955665,7.95520878814516,2.72330584844837,0.84322977198244,6.37876217088865,30.3901719444619
"X53_16S",284,373.125,24.4235577310524,376.384889363564,9.82112477030684,2.88080697530632,0.898808879614427,9.88229002890426,49.0519795735892
"X54_16S",232,370,39.5023313544842,338.849602899413,9.9753825983565,2.56909117889251,0.762882811157874,4.21732395227496,48.959271740885
"X55_16S",170,237.028571428571,21.353926380652,250.049931318234,8.594457225025,2.5245204938968,0.842486901003688,6.34867834086238,32.1973475753354
"X56_16S",89,152.909090909091,29.029660627381,158.090898269246,7.10217107474283,2.95372359935209,0.914393852341281,11.6814040504035,18.2818130102933
"X57_16S",79,124.882352941176,19.449009581101,139.571428571429,6.89443948227558,2.08800507869392,0.776145304107998,4.46718348263933,17.262562652859
"X58_16S",23,30.5,6.34347225539839,32.8275862068965,2.70994813806051,1.32171387006011,0.61893375931409,2.6242156696957,4.86980524660842
"X59_16S",78,124.866666666667,20.5154183556664,134.127816005279,7.62660201949537,1.80770840845099,0.553073044767027,2.23750209803014,20.2141157553388
"X60_16S",90,147,25.0902440758173,153.617334138217,7.54612070424083,2.85274550824625,0.914536581559137,11.7009127208264,17.4769735083913
"X61_16S",45,85.625,22.017624421597,98.9562119387192,6.77893535444149,1.04420358367053,0.353436229299764,1.54663784968494,10.0552017397542
"X62_16S",161,188.025,10.4084054850717,203.273845515667,7.28564466337894,2.08241257828027,0.738003337269465,3.81684251080902,27.1395766443884
"X64_16S",105,161.4,21.8665377599186,183.259411414774,9.07491495303376,3.08332070303405,0.89778980233064,9.78375957392144,27.7968132634769
"X65_16S",31,56.5,16.3814627859923,77.1684547375331,5.25809710896143,2.52989552439594,0.866546041371216,7.49322096005863,12.1827475708366
"X67_16S",76,130.666666666667,23.2230950386051,147.552573911038,7.0249239403621,2.27650967005511,0.795101958675874,4.88047613114129,18.2607341630089
"X69_16S",73,84.6666666666667,6.78445377296703,91.5323013728246,4.61465406855296,3.5117585893908,0.941263761068078,17.0252644395404,24.1286549429904
"X70_16S",60,153.5,48.6353222112724,132.276579675659,6.59295847863675,3.09060188994054,0.921079110086773,12.6709164214885,21.1105713524544
"X71_16S",18,29.25,9.53008303420746,38.3103448275862,3.62741122222986,1.62735870079105,0.689463132100691,3.22022955523673,5.59570948844363
"X73_16S",51,58.5833333333333,5.44699593167662,66.6704365129342,4.61704030473068,2.83075100421863,0.90793739714996,10.8621738799726,11.9323175590122
"X74_16S",191,239.065217391304,15.4015387826688,267.31779709957,9.30170289057808,2.46183380310726,0.797021365505769,4.92662689593778,36.8749144928023
"X75_16S",56,67.875,7.05812486746229,79.8084757872706,4.60246011946484,1.13409206397677,0.354221921217012,1.54851958103714,12.1079853902944
"X76_16S",21,28.8571428571429,6.32774184397991,35.6834285714286,3.3587748489193,1.61712300255919,0.563609467455621,2.29152542372881,7.93439692698949
"X77_16S",207,262.3125,18.8505353134576,272.814591377783,8.67743755109147,3.16031528875513,0.930528214991932,14.3943328918909,33.2066446205656
"X79_16S",84,101.647058823529,9.31568751248668,110.128472222222,5.49518694582116,1.88210908371102,0.659600167927804,2.93772177827605,15.5912508692123
"X81_16S",70,165.666666666667,43.4923335467207,173.545456795624,7.61694336958396,2.53552157444862,0.822608114720163,5.63723644079035,19.8859349487251
"X83_16S",115,184.789473684211,26.3542675008992,200.709475594613,8.72707242956314,2.85701319337306,0.907462415065302,10.8064199071727,22.7710363950339
"X84_16S",276,357.162162162162,24.4247289569402,367.84910303057,10.0053029359905,3.3403387178216,0.937674001633627,16.044668777252,40.6579208080771
"X85_16S",374,479.258620689655,26.3793009269439,467.109552944857,10.1750270505201,4.16781930290074,0.940993213849596,16.9472032835525,99.2975886563821
"X86_16S",177,234.972972972973,18.7925789250088,248.535163691229,8.30473458134846,2.83515720047125,0.729169280244321,3.69234332391139,49.4648448434856
"X87_16S",86,113.555555555556,12.8586259505714,125.589846056037,6.12887479258577,2.37190669502448,0.764455183831058,4.24547657751365,19.5868987830386
"X88_16S",115,168.454545454545,20.3837832834764,171.854570023784,7.98542125841775,2.10896622787372,0.617117834999127,2.61176960279077,29.3181902876631
"X89_16S",224,443.675675675676,54.8496924429538,447.979485928629,13.4181377326487,3.14914534621369,0.88389821717505,8.61313216445372,65.5332733537156
"X90_16S",113,185.526315789474,27.1902902714731,185.939203935348,8.38579629142326,2.47394750779893,0.819922175261312,5.55315459552615,28.6868820141097
"X91_16S",179,229.571428571429,17.173560159356,246.14215296985,8.66235195010963,1.7263660038012,0.604606194420551,2.52912409321765,28.3790251949306
"X92_16S",64,99.4285714285714,16.7494725426974,108.881557937521,5.80613508749856,2.64936327179149,0.799532505478451,4.988339892144,22.3291749963204
"X93_16S",77,110.461538461538,16.3499694538914,110.260020601519,5.62087989271322,2.1739041474276,0.81151704538148,5.30551954697414,15.1678143738338
"X94_16S",524,637.333333333333,25.5053421004388,637.944477513157,12.2780347922524,3.13234010009497,0.916818107279572,12.0218471508093,83.2735370669946
"X95_16S",372,440.653846153846,19.5446887022955,443.523336570302,10.4711256853418,2.10754733195252,0.631808987680459,2.71598155995218,48.3414176970481
"X96_16S",180,233.052631578947,17.4317125034794,249.498411217635,8.47015153105474,2.6161313980884,0.824432917220867,5.69582853556904,39.1940545531556
"X97_16S",41,72.625,17.9596451222525,85.7350864012021,5.4256970272388,2.6643233868112,0.83731497878312,6.14684740193058,16.9768710748647
"X98_16S",65,85.3125,10.5108680930247,103.151419487027,6.00438249943759,2.24955991609122,0.803622277224012,5.09222729474627,14.3476462567857
